image,title,id,regular_price,special_price,Brand,Model,Battery Type,Cells,Maximum Capacity,Voltage,Color,Compatible With,Others,Part No,Warranty,Made in/ Assemble,Dimension,Weight,Feature,Processor Brand,Processor Type,Processor Model,Processor Base Frequency,Processor Max Turbo Frequency,Processor Core,Processor Thread,CPU Cache,RAM,Installed RAM Details,RAM Type,RAM Bus (MHz),Total RAM Slot,Max. RAM Support,Storage,Installed HDD Type,Graphics Chipset,Graphics Memory Accessibility,Graphics Memory,Display Size (Inch),Display Type,Display Resolution,Optical Drive,WiFi,Bluetooth,WebCam,Num Key pad,Pointing Device,Operating System,Warranty Claim Duration (Approximate),Country Of Origin,Chipset.,HDD RPM,Display Features,Multimedia Card Slot,Supported Multimedia Card,USB 3 Port,USB C / Thunderbolt Port,HDMI Port,Headphone Port,Microphone Port,LAN,Audio Properties,Speaker,Microphone.,Keyboard Back-lit,Finger Print Sensor,Licensed Application,Dimensions,Weight (Kg),Battery,Battery Capacity,Backup Time,Power Adapter,Adapter Type,Laptop Series,Generation,Display Surface,Specialty,Empty/Expansion RAM Slot,M.2/SSD Expansion Slot,Storage Upgrade,Installed SSD Type,Keyboard Layout,Body Material,Touch Screen,Display Bazel,Processor Type.,Graphics Memory Type
https://www.ryanscomputers.com/storage/products/main/power-house-cq42b-battery-for-hp-21624366262.webp,Power House CQ42B Battery for HP Laptop,Product Id: 65.06.813.30,"                                 2,700  ","                                 2,000  ",Power House,Power House CQ42B,Lithium-Ion,6 Cell,5200 mAh,11.1V,Black,"MU06,HP Pavilion DV5-3000 DV6-3000 DV6-6000,HP CQ42,HP CQ62,HP CQ43,HP CQ56,HP G62,HP G4-2000, HP CQ58-208EL,HP CQ58-208SZ,HP CQ58-209EL,HP CQ58-210SL,DM4",Operating Temperature: 0 degree C - 60 degree C,593553-001 593554-001,6 Month,China,,,,,,,,,,,,,,,,,,,,,,,,,,,,,,,,,,,,,,,,,,,,,,,,,,,,,,,,,,,,,,,,,,,,,,,,
https://www.ryanscomputers.com/storage/products/main/power-house-0a04-battery-for-hp-21624366363.webp,Power House 0A04 Battery for HP Laptop,Product Id: 65.06.813.32,"                                 3,000  ","                                 2,200  ",Power House,Power House 0A04,Lithium-Ion,4 Cell,2600 mAh,14.8V,Black,"OA04,HP 14-R,HP 240 G2,HP CQ14,HP CQ15,HP 14-D000,HP 15-A100,HP Pavilion 15-R014TU, Pavilion 15-D series, Pavilion 15-D touchsmart series, Pavilion 15-G series, Pavilion 15-R series. Pavilion 15Z-G000 series, Pavilion 15-H series, Pavilion 15-S series, Pavilion 15-A00xx series, HP 240 G2, HP 245 G2,HP 245 G3,HP 250 G2,HP 250 G3,HP 255 G2,HP 255 G3,HP CQ 14-A series,HP CQ15,HP CQ15-A series","Battery life: Up to 4 to 5.5 hours, Life Cycle: 500+ Times","HSTNN-LB5S, HSTNN-PB5Y,746641-00,",6 Month,China,274 x 37.73 x 22.74 mm,0.23 kg,This battery reliably powers your notebook to keep you entertained no matter where you go. Slim. Trim. Sits flush with the bottom of your notebook to keep a clean look without adding weight or bulk to your notebook.,,,,,,,,,,,,,,,,,,,,,,,,,,,,,,,,,,,,,,,,,,,,,,,,,,,,,,,,,,,,,,,,,,,,,
https://www.ryanscomputers.com/storage/products/main/power-house-hs04-battery-for-hp-21624366198.webp,Power House HS04 Battery for HP Laptop,Product Id: 65.06.813.29,"                                 2,860  ","                                 2,500  ",Power House,Power House HS04,Lithium-Ion,4 Cell,2600 mAh,14.8V,Black,"HP HS04,HS03,HP 14-AM,HP 250 G4,HP Pavilion 14-AC,14-AF,14-AM,14G-AD,14Q-AJ,14T-AC,15-AC,15-AF,15-AY,15-BA,15-BF,15-BG,15G-AD,15Q-AJ,15T-AC 15Z-AF,17-AC,17-X0 17-Y0 Series","Input operating current: 2.85 Ah, Power Consumption: 41 Wh","807612-421 , 807956-001",6 Month,China,273 x 34.72 x 20.8 mm,225 gm,"Plan ahead with a cost-effective replacement battery, or keep a second battery charged as a spare when you can not stop to plug in.",,,,,,,,,,,,,,,,,,,,,,,,,,,,,,,,,,,,,,,,,,,,,,,,,,,,,,,,,,,,,,,,,,,,,
https://www.ryanscomputers.com/storage/products/main/power-house-rio4-battery-for-hp-21624366321.webp,Power House RIO4 Battery for HP Laptop,Product Id: 65.06.813.31,"                                 3,300  ","                                 2,500  ",Power House,Power House RIO4,Lithium-Ion,4 Cell,2200 mAh,14.8V,Black,"RI04,HP ProBook 450 G3,455 G3, 470 G3",,"LHP282,HSTNN-Q97C,HSTNN-DB7B,P3G15AA,HSTNN-Q95C,HSTNN-Q94C,805294-001,HSTNN-Q97C,HSTNN-PB6Q,805294-001,805047-851",6 Month,China,274.8 x 32.42 x 20.78mm,,"Power House RIO4 battery are made with high quality cells from SANYO. All our replacement HP laptop batteries have passed international certification( CE, UL, ROHS, ISO9001/9002 etc.) and passed through strict safety testing, we guaranteed all batteries for HP RIO4 are high performance, long-life and safety, 100% OEM compatible with the original specification( size etc.), no memory effect. Furthermore, our replacement HP RIO4 batteries are produced by eco-friendly materials without lead or mercury.",,,,,,,,,,,,,,,,,,,,,,,,,,,,,,,,,,,,,,,,,,,,,,,,,,,,,,,,,,,,,,,,,,,,,
https://www.ryanscomputers.com/storage/products/main/power-house-jc04-battery-for-hp-21624366397.webp,Power House JC04 Battery for HP Laptop,Product Id: 65.06.813.33,"                                 3,080  ","                                 2,500  ",Power House,Power House JC04,Lithium-Ion,4 Cell,2200 mAh,14.6V,Black,"JC04,JC03,HP 15-BS,HP 15-BW,HP 17-BS,HP 240 G6,HP 245 G6,HP 246 G6,HP 250 G6,HP 255 G6, HP 14-BS, HP 14-BW, HP 15-BS Series","Life Cycle: 500+ Times, Battery recharge time Fast charge to 90% within 90 minutes, last 10% at trickle charge","HSTNN-HB7X, TPN-C130, 919701-850, 919700-850,919681-241",6 Month,China,21 x 33.9 x 274 mm,225 gm,"Power House JC04 laptop battery carries with a smart interior circuit board that provides battery-unbalanced-shut-off protection, thermal-runaway protection, overcharged protection, over-discharged-shut-off protection, and high/low-temperature-shut-off protection. Besides, the battery contains free lead, mercury and other environmental metal pollutants. It is compliance with international standards.",,,,,,,,,,,,,,,,,,,,,,,,,,,,,,,,,,,,,,,,,,,,,,,,,,,,,,,,,,,,,,,,,,,,,
https://www.ryanscomputers.com/storage/products/main/hp-15s-du1087tu-intel-cdc-n4020-110ghz-280ghz-11611839170.webp,HP 15s-du1087TU Intel CDC N4020 15.6 Inch FHD Display Silver Laptop,Product Id: 33.01.020.1286,"                                 36,890  ","                                 34,000  ",HP,HP 15s-du1087TU,,,,,Silver,,,2R0D9PA-1Y,1 year,China,,,,Intel,Intel Celeron Dual Core,Celeron N4020,1.10 GHz,2.80 GHz,2,2,4MB,4GB,1 x 4GB Removable,DDR4,3200MHz,1,8GB,1TB HDD,SATA3,Intel UHD Graphics 600,Integrated,Shared,15.6,FHD LED,1920x1080 (WxH) FHD,No,Yes,Yes,Yes,Yes,TouchPad,Windows 10 Home,Estimated Warranty Claim Duration 30 Days. It may take additional time up to 60 days,USA,,,,,,,,,,,,,,,,,,,,,,,,,,,,,,,,,,,,,,
https://www.ryanscomputers.com/storage/products/main/hp-15s-du1115tu-intel-cdc-n4020-156-inch-hd-11636263483.webp,HP 15s-du1115TU Intel CDC N4020 15.6 Inch HD Display Silver Laptop #340N5PA-2Y,Product Id: 33.01.020.1365,"                                 36,890  ","                                 34,000  ",HP,HP 15s-du1115TU,Li-Ion,,,,Silver,,"LAN: Integrated 10/100/1000 GbE, Wi-Fi: Realtek RTL8821CE 802.11a/b/g/n/ac (1x1), Bluetooth: 4.2",340N5PA-2Y,"2 year (Battery, Adapter 1 year)",China,,,,Intel,Intel Celeron Dual Core,Celeron N4020,1.10 GHz,2.80 GHz,2,2,4MB,4GB,,DDR4,2400 MHz,1,,1TB HDD,SATA3,Intel UHD Graphics 600,Integrated,Shared,15.6,HD LED,1366x768 (WxH) HD,No,Yes,Yes,HD WebCam,Yes,TouchPad,Windows 10 Home,Estimated Warranty Claim Duration 30 Days. It may take additional time up to 60 days,USA,Intel Integrated SoC,5400 RPM,"micro-edge, BrightView, 220 nits, 45% NTSC",1,Micro SD card reader,2 x Type-A,1 x Type C,1,Combo,Combo,Yes,"Dual Speakers, Dual Array Digital Microphones",Yes,Yes,No,No,Microsoft Office,358.5 x 242 x 19.9mm,1.74 kg,3 Cell,41 Wh,Up to 11 Hrs.,Yes,45W AC Adapter,,,,,,,,,,,,,,
https://www.ryanscomputers.com/storage/products/main/hp-15s-du1114tu-intel-cdc-n4020-156-inch-hd-11636434306.webp,HP 15s-du1114TU Intel CDC N4020 15.6 Inch HD Display Black Laptop #340N4PA-2Y,Product Id: 33.01.020.1366,"                                 36,890  ","                                 34,000  ",HP,HP 15s-du1114TU,Li-Ion,,,,Black,,"Wi-Fi: Realtek RTL8821CE 802.11a/b/g/n/ac (1x1), Bluetooth: 4.2",340N4PA-2Y,"2 year (Battery, Adapter 1 year)",China,,,,Intel,Intel Celeron Dual Core,Celeron N4020,1.10 GHz,2.80 GHz,2,2,4MB,4GB,,DDR4,2400 MHz,1,,1TB HDD,SATA3,Intel UHD Graphics 600,Integrated,Shared,15.6,HD LED,1366x768 (WxH) HD,No,Yes,Yes,HD WebCam,Yes,TouchPad,Windows 10 Home,Estimated Warranty Claim Duration 30 Days. It may take additional time up to 60 days,USA,Intel Integrated SoC,5400 RPM,"micro-edge, BrightView, 220 nits, 45% NTSC",1,Micro SD card reader,2 x Type-A,1 x Type C,1,Combo,Combo,Integrated 10/100/1000 GbE,"Dual Speakers, Dual Array Digital Microphones",Yes,Yes,No,No,Microsoft Office,358.5 x 242 x 19.9mm,1.74 kg,3 Cell,41 Wh,Up to 11 Hrs.,Yes,45W AC Adapter,,,,,,,,,,,,,,
https://www.ryanscomputers.com/storage/products/main/hp-15s-du1086tu-intel-cdc-n4020-110ghz-280ghz-11616048791.webp,HP 15s-du1086TU Intel CDC N4020 15.6 Inch FHD Display Black Laptop,Product Id: 33.01.020.1303,"                                 36,890  ","                                 34,000  ",HP,HP 15s-du1086TU,,,,,Black,,,,"2 year (Battery, Adapter 1 year)",China,,,,Intel,Intel Celeron Dual Core,Celeron N4020,1.10 GHz,2.80 GHz,2,2,4MB,4GB,,DDR4,2666 MHz,,,1TB HDD,SATA,Intel UHD Graphics 600,Integrated,Shared,15.6,FHD LED,1920x1080 (WxH) FHD,No,,,,Yes,TouchPad,Windows 10 Home,Estimated Warranty Claim Duration 30 Days. It may take additional time up to 60 days,USA,,,,,,,,,,,,,,,,,,,,,,,,,Professional,,,,,,,,,,,,,
https://www.ryanscomputers.com/storage/products/main/hp-15s-du1088tu-intel-pqc-silver-n5030-11611839310.webp,HP 15s-du1088TU Intel PQC Silver N5030 15.6 Inch FHD Display Silver Laptop #2R0E0PA-1Y,Product Id: 33.01.020.1287,"                                 41,230  ","                                 38,000  ",HP,HP 15s-du1088TU,,,,,Silver,,,2R0E0PA-1Y,1 year,China,,,,Intel,Pentium Silver,Pentium N5030,1.10 GHz,3.10 GHz,4,4,4MB,4GB,1 x 4GB Removable,DDR4,3200MHz,1,8GB,1TB HDD,SATA3,Intel UHD Graphics 605,Integrated,Shared,15.6,FHD LED,1920x1080 (WxH) FHD,No,Yes,Yes,Yes,Yes,TouchPad,Windows 10 Home,Estimated Warranty Claim Duration 30 Days. It may take additional time up to 60 days,USA,,,,,,,,,,,,,,,,,,,,3 Cell,41Wh,,,,,,,,,,,,,,,,,
https://www.ryanscomputers.com/storage/products/main/hp-15s-du1117tu-intel-pqc-silver-n5030-156-inch-11635938500.webp,HP 15s-du1117TU Intel PQC Silver N5030 15.6 Inch HD Display Silver Laptop #340P4PA-2Y,Product Id: 33.01.020.1367,"                                 42,320  ","                                 39,000  ",HP,HP 15s-du1117TU,Li-Ion,,,,Silver,,"LAN: Integrated 10/100/1000 GbE, Wi-Fi: Realtek RTL8821CE 802.11a/b/g/n/ac (1x1), Bluetooth: 4.2",340P4PA-2Y,"2 year (Battery, Adapter 1 year)",China,,,,Intel,Pentium Silver,Pentium N5030,1.10 GHz,3.10 GHz,4,4,4MB,4GB,,DDR4,2400 MHz,1,,1TB HDD,SATA3,Intel UHD Graphics 605,Integrated,Shared,15.6,HD LED,1366x768 (WxH) HD,No,Yes,Yes,HD WebCam,,TouchPad,Windows 10 Home,Estimated Warranty Claim Duration 30 Days. It may take additional time up to 60 days,USA,Intel Integrated SoC,5400 RPM,,1,Micro SD card reader,2 x Type-A,1 x Type C,1,Combo,Combo,Yes,"Dual Speakers, Dual Array Digital Microphones",Yes,Yes,No,No,Microsoft Office,358.5 x 242 x 19.9mm,1.74 Kg,3 Cell,41 Wh,Up to 10 Hrs.,Yes,45W AC Adapter,,,,,,,,,,,,,,
https://www.ryanscomputers.com/storage/products/main/hp-15s-du3022tu-11th-gen-intel-core-i3-1115g4-11634030486.webp,HP 15s-du3022TU 11th Gen Intel Core i3 1115G4 15.6 Inch Black Laptop #2W2X5PA-2Y,Product Id: 33.01.020.1359,"                                 55,340  ","                                 51,000  ",HP,HP 15s-du3022TU,Li-Ion,,,,Black,,"Network interface: Integrated 10/100/1000 GbE LAN, Wireless connectivity: Realtek RTL8822CE 802.11a/b/g/n/ac (2x2) Wi-Fi",2W2X5PA-2Y,"2 year (Battery, Adapter 1 year)",China,,,,Intel,Intel Core i3,Core i3 1115G4,,4.10 GHz,2,4,6MB,4GB,1 x 4GB,DDR4,2666 MHz,,,1TB HDD,SATA,Intel UHD Graphics,Integrated,Shared,15.6,FHD IPS LED Display,1920x1080 (WxH) FHD,No,Yes,Bluetooth 5,HD WebCam,,TouchPad,Windows 10 Home,Estimated Warranty Claim Duration 30 Days. It may take additional time up to 60 days,USA,Intel Integrated SoC,5400RPM,"micro-edge, anti-glare, 250 nits, 45% NTSC",1,Multi-format SD media card reader,2 x USB Type-A,1 x USB Type-C,1,Combo,Combo,Ethernet RJ-45,Dual speakers,Yes,Dual Array Digital Microphones,,,Microsoft Office,358.5 x 242 x 19.9mm,1.75 kg,3 Cell,41 Wh,,45 Watt AC power adapter,,,11th,Anti-Glare,,,,,,,,,,,
https://www.ryanscomputers.com/storage/products/main/hp-15s-du3786tu-11th-gen-intel-core-i3-1115g4-11634030742.webp,HP 15s-du3786TU 11th Gen Intel Core i3 1115G4 15.6 Inch Silver Laptop #4D4U3PA-2Y,Product Id: 33.01.020.1360,"                                 55,340  ","                                 51,000  ",HP,HP 15s-du3786TU,Li-Ion,,,,Silver,,,4D4U3PA-2Y,"2 year (Battery, Adapter 1 year)",China,,,,Intel,Intel Core i3,Core i3 1115G4,,4.10 GHz,2,4,6MB,4GB,1 x 4GB,DDR4,2666 MHz,,,1TB HDD,SATA,Intel UHD Graphics,Integrated,Shared,15.6,FHD IPS LED Display,1920x1080 (WxH) FHD,No,Yes,Bluetooth 5,HD WebCam,,TouchPad,Windows 10 Home,Estimated Warranty Claim Duration 30 Days. It may take additional time up to 60 days,USA,Intel Integrated SoC,5400RPM,"micro-edge, anti-glare, 250 nits, 45% NTSC",1,Multi-format SD media card reader,2 x USB Type-A,1 x USB Type-C,1,Combo,Combo,Ethernet RJ-45,Dual speakers,Yes,Dual Array Digital Microphones,,,Microsoft Office,358.5 x 242 x 19.9mm,1.75 kg,3 Cell,41 Wh,,45 Watt AC power adapter,,,11th,Anti-Glare,,,,,,,,,,,
https://www.ryanscomputers.com/storage/products/main/hp-14s-eq1786au-amd-ryzen-3-5300u-14-inch-fhd-11632633565.webp,HP 14s-fq1786AU AMD Ryzen 3 5300U 14 Inch FHD Display Silver Laptop #4D8R0PA-2Y,Product Id: 33.01.020.1354,"                                 55,340  ","                                 51,000  ",HP,HP 14s-fq1786AU,,,,,Silver,,,4D8R0PA-2Y,"2 year (Battery, Adapter 1 year)",China,,,,AMD,AMD Ryzen 3,Ryzen 3 5300U,2.60 GHz,3.80 GHz,4,8,6MB,8GB,,DDR4,,,,512GB SSD,,AMD Radeon Vega 8 Graphics,Integrated,Shared,14,FHD LED,1920x1080 (WxH) FHD,No,Yes,Yes,Yes,,,Windows 10 Home,Estimated Warranty Claim Duration 30 Days. It may take additional time up to 60 days,USA,,,IPS (250 nits),,,,,,,,,,,,,,Microsoft Office,,,3 Cell,41Wh,,,,,,,Includes Office Home & Student,,,,,,,,,,
https://www.ryanscomputers.com/storage/products/main/hp-15s-du3023tu-intel-core-i3-1115g4-156-inch-11615978725.webp,HP 15s-du3023TU Intel Core i3 1115G4 15.6 Inch FHD Display Silver Laptop,Product Id: 33.01.020.1321,"                                 56,420  ","                                 52,000  ",HP,HP 15s-du3023TU,,,,,Silver,,,2W2X8PA-2Y,"2 year (Battery, Adapter 1 year)",China,,,,Intel,Intel Core i3,Core i3 1115G4,,4.10 GHz,2,4,6MB,4GB,1 x 4GB Removable,DDR4,3200MHz,2,16GB,1TB HDD,SATA,Intel UHD Graphics,Integrated,Shared,15.6,FHD LED,1920x1080 (WxH) FHD,No,Yes,Yes,Yes,Yes,TouchPad,Windows 10 Home,Estimated Warranty Claim Duration 30 Days. It may take additional time up to 60 days,USA,Intel Integrated SoC,,,,,,,,,,,,,,Yes,,Microsoft Office,,,,,,,,,11th,,Includes Office Home & Student,1,1,,,,,,,,
https://www.ryanscomputers.com/storage/products/main/hp-15s-du3528tu-11th-gen-intel-core-i3-1115g4-11628927653.webp,HP 15s-du3528TU 11th Gen Intel Core i3 1115G4 15.6 Inch FHD Display Silver Laptop #46D72PA-2Y,Product Id: 33.01.020.1342,"                                 57,510  ","                                 53,000  ",HP,HP 15s-du3528TU,Li-ion,,,,Silver,,"1 x AC smart pin, HDMI Version: 1.4b, Network interface: Integrated 10/100/1000 GbE LAN, Wireless connectivity: Realtek RTL8822CE",46D72PA-2Y,"2 year (Battery, Adapter 1 year)",China,,,,Intel,Intel Core i3,Core i3 1115G4,,4.10 GHz,2,4,6MB,8GB,2 x 4GB Removable,DDR4,3200MHz,2,16GB,1TB HDD,SATA,Intel UHD Graphics,Integrated,Shared,15.6,FHD LED,1920x1080 (WxH) FHD,No,"802.11a, b, g, n, ac (2x2)",Bluetooth 5.0,HD Webcam,,TouchPad,Windows 10 Home,Estimated Warranty Claim Duration 30 Days. It may take additional time up to 60 days,USA,Intel Integrated SoC,5400 RPM,,1,SD Card Reader,2 x USB Type-A,1 x USB Type-C,1,Combo,Combo,Ethernet RJ-45,,2 x Speaker,Dual Array Digital Microphones,,,Microsoft Office,358.5 x 242 x 19.9 mm,1.75 kg,3 Cell,45Wh,,45W AC power adapter,,,11th,,Includes Office Home & Student,,1,"Aditional SSD Slot, Replaceable HDD",,,,,,,
https://www.ryanscomputers.com/storage/products/main/hp-15s-fq2581tu-11th-gen-intel-core-i3-1115g4-11631857385.webp,HP 15s-fq2581TU 11th Gen Intel Core i3 1115G4 15.6 Inch FHD Display Silver Laptop #46D73PA-2Y,Product Id: 33.01.020.1351,"                                 60,220  ","                                 55,500  ",HP,HP 15s-fq2581TU,Li-ion,,,,Silver,,Wireless connectivity: Realtek RTL8822CE 802.11a/b/g/n/ac (2x2) Wi-Fi,46D73PA-2Y,"2 year (Battery, Adapter 1 year)",China,,,,Intel,Intel Core i3,Core i3 1115G4,,4.10 GHz,2,4,6MB,8GB,2 x 4 GB,DDR4,2666 MHz,2,,512GB SSD,,Intel UHD Graphics,Integrated,Shared,15.6,FHD IPS LED Display,1920x1080 (WxH) FHD,No,Yes,Bluetooth 5,HD WebCam,,,Windows 10 Home,Estimated Warranty Claim Duration 30 Days. It may take additional time up to 60 days,USA,Intel Integrated SoC,,,1,Multi-format SD media card reader,2 x USB Type-A,1 x USB Type-C,1,Combo,Combo,,,Yes,,,,Microsoft Office,358.5 x 242 x 17.9mm,1.7 kg,3 Cell,41 Wh,,45 W AC Adapter,,,11th,,"Includes Office Home & Student, HP True Vision 720p HD camera with integrated dual array digital microphones, Dual speakers",,,,NVMe PCIe,,,,,,
https://www.ryanscomputers.com/storage/products/main/hp-14s-dq2095tu-intel-core-i3-1115g4-14-inch-fhd-11623315245.webp,HP 14s-dq2095tu Intel Core i3 1115G4 14 Inch FHD Display Silver Laptop,Product Id: 33.01.020.1339,"                                 61,300  ","                                 56,500  ",HP,HP 14s-dq2095tu,Li-ion,,,,Silver,,"Wireless connectivity: Realtek RTL8821CE-M, HDMI Version: 1.4b, 1 x AC smart pin",366N8PA-2Y,"2 year (Battery, Adapter 1 year)",China,,,,Intel,Intel Core i3,Core i3 1115G4,,4.10 GHz,2,4,6MB,8GB,1 x 8GB,DDR4,2666 MHz,,,512GB SSD,,Intel UHD Graphics,Integrated,Shared,14,Full HD Display,1920x1080 (WxH) FHD,No,"802.11a, b, g, n, ac (1x1)",Bluetooth 4.2,HD Webcam,,TouchPad,Windows 10 Home,Estimated Warranty Claim Duration 30 Days. It may take additional time up to 60 days,USA,Intel Integrated SoC,,"Panel Type: IPS, micro-edge, BrightView, 250 nits, 45% NTSC",1,SD Card Reader,2 x USB Type-A,1 x USB Type-C,1,Combo,Combo,,,2 x Speaker,Dual array digital microphones,,,Microsoft Office,324 x 225 x 18 mm,1.47 kg,3 Cell,41 Wh,,45 W AC power adapter,,,11th,,Includes Office Home & Student,,,,NVMe PCIe,,,,,,
https://www.ryanscomputers.com/storage/products/main/hp-14s-dq2575tu-11th-gen-intel-core-i3-1115g4-14-11632634089.webp,HP 14s-dq2575TU 11th Gen Intel Core i3 1115G4 14 Inch FHD Display Silver Laptop #4D9N8PA-2Y,Product Id: 33.01.020.1355,"                                 61,300  ","                                 56,500  ",HP,HP 14s-dq2575TU,,,,,Silver,,,4D9N8PA-2Y,"2 year (Battery, Adapter 1 year)",China,,,,Intel,Intel Core i3,,3.00 GHz,4.10 GHz,2,4,6MB,8GB,2 x 4GB,DDR4,3200MHz,2,,512GB SSD,,Intel UHD Graphics,Integrated,Shared,14,FHD LED,1920x1080 (WxH) FHD,No,Yes,Yes,Yes,,,Windows 10 Home (Upgradable Windows 11),Estimated Warranty Claim Duration 30 Days. It may take additional time up to 60 days,USA,,,,,,,,,,,,,,,,,Microsoft Office,,,,,,,,,11th,,Includes Office Home & Student,,,,,,,,,,
https://www.ryanscomputers.com/storage/products/main/hp-15s-eq1173au-amd-ryzen-5-4500u-11613635948.webp,HP 15s-eq1173AU AMD Ryzen 5 4500U 15.6 Inch FHD Display Gold Laptop #2Q5A1PA-2Y,Product Id: 33.01.020.1297,"                                 62,390  ","                                 57,500  ",HP,HP 15s-eq1173AU,,,,,Gold,,,2Q5A1PA-2Y,"2 year (Battery, Adapter 1 year)",China,,,,AMD,AMD Ryzen 5,Ryzen 5 4500U,2.30 GHz,4.00 GHz,6,6,11MB,8GB,,DDR4,2666 MHz,,,512GB SSD,,AMD Radeon Graphics,Integrated,Shared,15.6,FHD LED,1920x1080 (WxH) FHD,No,Yes,Yes,Yes,,TouchPad,Windows 10 Home,Estimated Warranty Claim Duration 30 Days. It may take additional time up to 60 days,USA,,,,,,,,,,,,,,,,,Microsoft Office,,,,,,,,,,,Includes Office Home & Student,,,,NVMe PCIe,,,,,,
https://www.ryanscomputers.com/storage/products/main/hp-14s-fq1886au-amd-ryzen-5-5500u-14-inch-fhd-11634468274.webp,HP 14s-fq1886AU AMD Ryzen 5 5500U 14 Inch FHD Display Silver Laptop #4D8R1PA-2Y,Product Id: 33.01.020.1361,"                                 67,270  ","                                 62,000  ",HP,HP 14s-fq1886AU,Li-ion,,,,Silver,,,4D8R1PA-2Y,"2 year (Battery, Adapter 1 year)",China,,,,AMD,AMD Ryzen 5,Ryzen 5 5500U,2.10 GHz,4.00 GHz,6,12,8MB,8GB,2 x 4GB,DDR4,3200MHz,,,512GB SSD,,AMD Radeon Graphics,Integrated,Shared,14,FHD IPS LED Display,1920x1080 (WxH) FHD,No,Yes,Bluetooth 5.2,HD Webcam,,TouchPad,Windows 10 Home,Estimated Warranty Claim Duration 30 Days. It may take additional time up to 60 days,USA,AMD Integrated SoC,,"Micro-edge, BrightView, 250 nits, 45% NTSC",1,Multi-format SD media card reader,2 x USB Type-A,1 x USB Type-C,1,Combo,Combo,,Dual speakers,Yes,Dual Array Digital Microphones,,,Microsoft Office,324 x 225 x 17.9mm,1.47 kg,3 Cell,41 Wh,,45 Watt Smart AC power adapter,,,,,,,,,NVMe PCIe,,,,,,
https://www.ryanscomputers.com/storage/products/main/hp-15s-eq2555au-amd-ryzen-5-5500u-156-inch-fhd-11634473394.webp,HP 15s-eq2555AU AMD Ryzen 5 5500U 15.6 Inch FHD Display Spruce Blue Laptop #4D8B5PA-2Y,Product Id: 33.01.020.1363,"                                 68,360  ","                                 63,000  ",HP,HP 15s-eq2555AU,Li-ion,,,,Spruce Blue,,,4D8B5PA-2Y,"2 year (Battery, Adapter 1 year)",China,,,,AMD,AMD Ryzen 5,Ryzen 5 5500U,2.10 GHz,4.00 GHz,6,12,8MB,8GB,2 x 4GB,DDR4,3200MHz,,,512GB SSD,,AMD Radeon Graphics,Integrated,Shared,15.6,FHD IPS LED Display,1920x1080 (WxH) FHD,No,Yes,Bluetooth 5.2,HD Webcam,,TouchPad,Windows 10 Home,Estimated Warranty Claim Duration 30 Days. It may take additional time up to 60 days,USA,AMD Integrated SoC,,"IPS, micro-edge, anti-glare, 250 nits, 45% NTSC",1,Multi-format SD media card reader,2 x USB Type-A,1 x USB Type-C,1,Combo,Combo,,Dual speakers,Yes,Dual Array Digital Microphones,Yes,No,Microsoft Office,358.5 x 242 x 17.9mm,1.7 kg,3 Cell,41 Wh,,45 Watt Smart AC power adapter,,,,Anti-Glare,,,,,NVMe PCIe,Backlit KeyBoard,,,,,
https://www.ryanscomputers.com/storage/products/main/hp-15s-fq2582tu-intel-core-i5-1135g7-156-inch-11636441572.webp,HP 15s-fq2582TU Intel Core i5 1135G7 15.6 Inch FHD Display Silver Laptop #46D74PA-2Y,Product Id: 33.01.020.1368,"                                 71,070  ","                                 65,500  ",HP,HP 15s-fq2582TU,41Wh,,,,Silver,,,46D74PA-2Y,"2 year (Battery, Adapter 1 year)",China,,,,,Intel Core i5,Core i5 1135G7,2.40 GHz,4.20 GHz,4,8,8MB,8GB,2 x 4GB Removable,DDR4,2666 MHz,2,,512GB SSD,,Intel Iris X e Graphics,Integrated,Shared,15.6,FHD IPS LED Display,1920x1080 (WxH) FHD,No,802.11a/b/g/n/ac (2x2),Bluetooth 5.0,HD Webcam,,TouchPad,Windows 10 Home,Estimated Warranty Claim Duration 30 Days. It may take additional time up to 60 days,USA,Intel Integrated SoC,,"Display type: IPS, micro-edge, 250 nits, 45% NTSC",1,Micro SD,2 x USB Type-A,1 x USB Type-C,1,Combo,Combo,,Dual speakers,Yes,Yes,,No,Microsoft Office,358.5 x 242 x 17.9mm,1.7 kg,3 Cell,41Wh,Up to 7 Hrs.,Yes,45W AC power adapter,Intel,11th,Anti-glare,,,,,PCIe NVMe,,,,,,
https://www.ryanscomputers.com/storage/products/main/hp-15s-du3527tu-intel-core-i5-1135g7-156-inch-11628676682.webp,HP 15s-du3527TU Intel Core i5 1135G7 15.6 Inch FHD Display Silver Laptop #46D71PA-2Y,Product Id: 33.01.020.1343,"                                 72,150  ","                                 66,500  ",HP,HP 15s-du3527TU,Li-ion,,,,Silver,,"Wireless connectivity: Realtek RTL8822CE, Network interface: Integrated 10/100/1000 GbE LAN, 1 x AC smart pin, HDMI Version: 1.4b",46D71PA-2Y,"2 year (Battery, Adapter 1 year)",China,,,,Intel,Intel Core i5,Core i5 1135G7,2.40 GHz,4.20 GHz,4,8,8MB,8GB,2 x 4GB Removable,DDR4,2666 MHz,2,16GB,1TB HDD,SATA,Intel Iris X Graphics,Integrated,Shared,15.6,FHD LED,1920x1080 (WxH) FHD,,"802.11a, b, g, n, ac (2x2)",Bluetooth 5.0,HD Webcam,,TouchPad,Windows 10 Home,Estimated Warranty Claim Duration 30 Days. It may take additional time up to 60 days,USA,Intel Integrated SoC,5400 RPM,"Display type: IPS, micro-edge, 250 nits, 45% NTSC",1,SD Card Reader,2 x USB Type-A,1 x USB Type-C,1,Combo,Combo,Ethernet RJ-45,,2 x Speaker,Dual Array Digital Microphones,,,Microsoft Office,358.5 x 242 x 19.9 mm,1.75 kg,3 Cell,41Wh,Up to 5.5 Hrs.,45W AC power adapter,,,11th,Anti-glare,Includes Office Home & Student,,1,"Aditional SSD Slot, Replaceable HDD",,,,,,,
https://www.ryanscomputers.com/storage/products/main/hp-14s-dq2675tu-11th-gen-intel-core-i5-1135g7-14-11632634241.webp,HP 14s-dq2675TU 11th Gen Intel Core i5 1135G7 14 Inch FHD Display Silver Laptop #4D9N9PA-2Y,Product Id: 33.01.020.1356,"                                 74,870  ","                                 69,000  ",HP,HP 14s-dq2675TU,,,,,Silver,,,4D9N9PA-2Y,"2 year (Battery, Adapter 1 year)",China,,,,Intel,Intel Core i5,Core i5 1135G7,2.40 GHz,4.20 GHz,4,8,8MB,8GB,,DDR4,,,,512GB SSD,,Intel Iris X e Graphics,Integrated,Shared,14,FHD LED,1920x1080 (WxH) FHD,No,Yes,Yes,Yes,,,Windows 10 Home,Estimated Warranty Claim Duration 20 Days. It may take additional time up to 40 days,USA,,,,1,,2 x USB,1 x USB Type-C,1,Combo,Combo,,,,,,,Microsoft Office,,,,,,,,,11th,,Includes Office Home & Student,,,,,,,,,,
https://www.ryanscomputers.com/storage/products/main/hp-15s-eq2778au-amd-ryzen-7-5700u-156-inch-fhd-11634473158.webp,HP 15s-eq2778AU AMD Ryzen 7 5700U 15.6 Inch FHD Display Spruce Blue Laptop #4D8B6PA-2Y,Product Id: 33.01.020.1362,"                                 78,120  ","                                 72,000  ",HP,HP 15s-eq2778AU,Li-ion,,,,Spruce Blue,,,4D8B6PA-2Y,"2 year (Battery, Adapter 1 year)",China,,,,AMD,AMD Ryzen 7,Ryzen 7 5700U,1.80 GHz,4.30 GHz,8,16,8MB,8GB,2 x 4GB,DDR4,3200MHz,,,512GB SSD,,AMD Radeon Graphics,Integrated,Shared,15.6,FHD IPS LED Display,1920x1080 (WxH) FHD,No,Yes,Bluetooth 5.2,HD Webcam,,TouchPad,Windows 10 Home,Estimated Warranty Claim Duration 30 Days. It may take additional time up to 60 days,USA,AMD Integrated SoC,,"IPS, micro-edge, anti-glare, 250 nits, 45% NTSC",1,Multi-format SD media card reader,2 x USB Type-A,1 x USB Type-C,1,Combo,Combo,,Dual speakers,Yes,Dual Array Digital Microphones,,No,Microsoft Office,358.5 x 242 x 17.9mm,1.7 kg,3 Cell,41 Wh,,45 Watt Smart AC power adapter,,,,Anti-Glare,,,,,NVMe PCIe,,,,,,
https://www.ryanscomputers.com/storage/products/main/hp-15s-du3025tu-intel-core-i5-1135g7-156-inch-11634473763.webp,HP 15s-du3025TU Intel Core i5 1135G7 15.6 Inch FHD Display Black Laptop #2W2Y3PA-2Y,Product Id: 33.01.020.1364,"                                 78,120  ","                                 72,000  ",HP,HP 15s-du3025TU,,,,,Black,,,2W2Y3PA-2Y,"2 year (Battery, Adapter 1 year)",China,,,,Intel,Intel Core i5,Core i5 1135G7,2.40 GHz,4.20 GHz,4,8,8MB,8GB,2 x 4GB,DDR4,2666 MHz,,,1TB HDD,SATA,Intel Iris Xe Graphics,Integrated,Shared,15.6,,1920x1080 (WxH) FHD,No,Yes,Bluetooth 5,HD WebCam,,TouchPad,Windows 10 Home,Estimated Warranty Claim Duration 30 Days. It may take additional time up to 60 days,USA,Intel Integrated SoC,5400 RPM,"Micro-edge, anti-glare, 250 nits, 45% NTSC",1,Multi-format SD media card reader,2 x USB Type-A,1 x USB Type-C,1,Combo,Combo,Ethernet RJ-45,Dual speakers,Yes,Dual Array Digital Microphones,,No,Microsoft Office,358.5 x 242 x 19.9mm,1.75 kg,3 Cell,41 Wh,,45 Watt Smart AC power adapter,,,11th,Anti-Glare,,,,,,,,,,,
,,,,,,,,,,,,,,,,,,,,,,,,,,,,,,,,,,,,,,,,,,,,,,,,,,,,,,,,,,,,,,,,,,,,,,,,,,,,,,,,,,,,,,,,
https://www.ryanscomputers.com/storage/products/main/hp-pavilion-14-dv0066tu-11th-gen-intel-core-i5-11613634420.webp,HP Pavilion 14-dv0066TU Intel Core i5 1135G7 14 Inch FHD Display Silver Laptop,Product Id: 33.01.020.1298,"                                 80,830  ","                                 74,500  ",HP,HP Pavilion 14-dv0066TU,,,,,Silver,,,2T4B1PA-2Y,"2 year (Battery, Adapter 1 year)",China,,,,Intel,Intel Core i5,Core i5 1135G7,2.40 GHz,4.20 GHz,4,8,8MB,8GB,,DDR4,3200MHz,,,512GB SSD,,Intel Iris Xe Graphics,Integrated,Shared,14,FHD LED,1920x1080 (WxH) FHD,No,Yes,Yes,Yes,No,TouchPad,Windows 10 Home,Estimated Warranty Claim Duration 30 Days. It may take additional time up to 60 days,USA,,,,,,,,,,,,,,,,Yes,,,,,,,,,Pavilion,11th,,,,,,NVMe PCIe,,Metal,,,,
https://www.ryanscomputers.com/storage/products/main/hp-pavilion-13-bb0071tu-11th-gen-intel-core-i5-11610703284.webp,HP Pavilion 13-bb0071TU Intel Core i5 1135G7 13.3 Inch FHD Display Golden Laptop #2U5H6PA-2Y,Product Id: 33.01.020.1272,"                                 84,630  ","                                 78,000  ",HP,HP Pavilion 13-bb0071TU,,,,,Golden,,,2U5H6PA-2Y,"2 year (Battery, Adapter 1 year)",China,,,,Intel,Intel Core i5,Core i5 1135G7,2.40 GHz,4.20 GHz,4,8,8MB,8GB,,DDR4,,,,512GB SSD,,Intel Iris Xe Graphics,Integrated,Shared,13.3,FHD LED,1920x1080 (WxH) FHD,,Yes,Yes,HD Webcam,No,TouchPad,Windows 10 Home,Estimated Warranty Claim Duration 30 Days. It may take additional time up to 60 days,USA,Intel Integrated SoC,,,1,MicroSD card reader,2 x USB Type-A,1 x USB Type-C,1,Combo,Combo,,,Dual speakers,Dual array digital microphones,Yes,,Includes Office Home & Student,309 x 205 x 17.7mm,1.24 kg,,,,,,Pavilion,11th,,Includes Office Home & Student,,,,NVMe PCIe,,,,,,
https://www.ryanscomputers.com/storage/products/main/hp-15s-du3026tu-11th-gen-intel-core-i7-1165g7-11615354992.webp,HP 15s-du3026TU Intel Core i7 1165G7 15.6 Inch FHD Display Silver Laptop,Product Id: 33.01.020.1312,"                                 90,060  ","                                 83,000  ",HP,HP 15s-du3026TU,Li-ion,,,,Silver,,"Display: micro-edge, anti-glare, 250 nits, 45% NTSC, Wireless connectivity: Realtek RTL8822CE, Network interface: Integrated 10/100/1000 GbE LAN, HDMI version: 1.4b, 1 x AC smart pin,",2W2Y4PA-2Y,"2 year (Battery, Adapter 1 year)",China,,,,Intel,Intel Core i7,Core i7 1165G7,2.80 GHz,4.70 GHz,4,8,12MB,8GB,2 x 4GB Removable,DDR4,2666 MHz,2,32GB,1TB HDD,SATA,Intel Iris Xe Graphics,Integrated,Shared,15.6,FHD LED,1920x1080 (WxH) FHD,No,"802.11a, b, g, n, ac (2x2)",Bluetooth 5.0,HD Webcam,Yes,TouchPad,Windows 10 Home,Estimated Warranty Claim Duration 30 Days. It may take additional time up to 60 days,USA,Intel Integrated SoC,5400 RPM,,1,SD card reader,2 x USB Type-A,1 x USB Type-C,1,Combo,Combo,Ethernet RJ-45,,2 x Speakers,Dual Array Digital Microphones,Yes,,,358.5 x 242 x 19.9mm,1.7 kg,3 Cell,41 Wh,Up to 5 Hrs.,45 W AC power adapter,,,11th,Anti-glare,,,1,,,"Full-size, backlit, natural silver keyboard with numeric keypad",,,,,
https://www.ryanscomputers.com/storage/products/main/hp-pavilion-14-dv0069tu-11th-gen-intel-core-i7-11615613851.webp,HP Pavilion 14-dv0069TU Intel Core i7 1165G7 14 Inch FHD Display Silver Laptop,Product Id: 33.01.020.1309,"                                 98,520  ","                                 90,800  ",HP,HP Pavilion 14-dv0069TU,,,,,Silver,,,2T4B4PA-2Y,"2 year (Battery, Adapter 1 year)",China,,,,Intel,Intel Core i7,Core i7 1165G7,2.80 GHz,4.70 GHz,4,8,12MB,8GB,,DDR4,,,,512GB SSD,,Intel Iris Xe Graphics,Integrated,Shared,14,FHD LED,1920x1080 (WxH) FHD,No,Yes,Yes,Yes,,TouchPad,Windows 10 Home,Estimated Warranty Claim Duration 30 Days. It may take additional time up to 60 days,USA,,,,,,,,,,,,,,,,,,,,,,,,,Pavilion,11th,,,,,,NVMe PCIe,,,,,,
https://www.ryanscomputers.com/storage/products/main/hp-envy-x360-convertible-13-ay0136au-amd-ryzen-5-11609396092.webp,HP Envy X360 Convertible 13-ay0136AU AMD Ryzen 5 4500U13.3 Inch FHD Touch Display Black Laptop #2Q4B0PA-2Y,Product Id: 33.03.020.1268,"                                 111,540  ","                                 102,800  ",,HP Envy X360 Convertible 13-ay0136AU,,,,,Black,,,2Q4B0PA-2Y,"2 year (Battery, Adapter 1 year)",China,,,,AMD,Ryzen 5,Ryzen 5 4500U,2.30 GHz,4.00 GHz,6,6,11MB,8GB,1 x 8 GB Non-Removable,DDR4,2400 MHz,,,512GB SSD,,AMD Radeon Graphics,Integrated,Shared,13.3,FHD LED,1920x1080 (WxH) FHD,No,,,,,,Windows 10 Home,,USA,,,,,,,,,Combo,Combo,,,,,,,,,,,,,,,Envy,,,,,,,PCIe,,,Yes,,,
https://www.ryanscomputers.com/storage/products/main/hp-envy-x360-convertible-13-ay0137au-amd-ryzen-7-11637670275.webp,HP Envy X360 Convertible 13-ay0137AU AMD Ryzen 7 4700U 13.3 Inch FHD Touch Display Black Laptop #2Q4B1PA-2Y,Product Id: 33.03.020.1369,"                                 123,690  ","                                 114,000  ",HP,HP Envy X360 Convertible 13-ay0137AU,Li-Ion Polymer,,,,Black,,,2Q4B1PA-2Y,"2 year (Battery, Adapter 1 year)",China,,,,AMD,AMD Ryzen 7,Ryzen 7 4700U,2.00 GHz,4.10 GHz,8,8,12MB,16GB,1 x 16GB Non-Removable,DDR4,3200MHz,,,512GB SSD,,AMD Radeon Graphics,Integrated,Shared,13.3,FHD IPS LED Display,1920x1080 (WxH) FHD,No,Realtek RTL8822CE 802.11 a/b/g/n/ac (2x2),Bluetooth 5.0,HD Webcam,,TouchPad,Windows 10 Home,Estimated Warranty Claim Duration 30 Days. It may take additional time up to 60 days,USA,AMD Integrated SoC,,"multitouch-enabled, edge-to-edge glass, Corning Gorilla Glass NBT, 400 nits, 100% sRGB",1,Micro-SD card reader,2 x USB Type-A,1 x USB Type-C,,Combo,Combo,,"Audio by Bang & Olufsen, Dual speakers, HP Audio Boost 2.0",Yes,Yes,,,,306.5 x 194.6 x 16.4mm,1.32 kg,3 Cell,51 Wh,Up to 13 Hrs.,Yes,65W AC,,,,HP Wide Vision HD Camera with camera shutter and integrated dual array digital microphone,,,,NVMe PCIe,,,Yes,Micro Edge,,
https://www.ryanscomputers.com/storage/products/main/hp-envy-13-ba1023tx-11th-gen-intel-core-i7-1165g7-11610712572.webp,HP Envy 13-ba1023tx 11th Gen Intel Core i7 1165G7 13.3 Inch FHD Display Silver Laptop,Product Id: 33.03.020.1281,"                                 146,480  ","                                 135,000  ",HP,HP Envy 13-ba1023tx,Li-ion polymer,,,,Silver,,"Display: multitouch-enabled, IPS, edge-to-edge glass, micro-edge, BrightView, 400 nits, 100% sRGB,",2Q4E5PA-2Y,"2 year (Battery, Adapter 1 year)",China,,,,Intel,Core i7,Core i7 1165G7,2.80 GHz,4.70 GHz,4,8,12MB,16GB,,DDR4,2666 MHz,,,512GB SSD,,Nvidia MX450 Graphics,Dedicated,2GB,13.3,FHD LED,1920x1080 (WxH) FHD,No,Intel Wi-Fi 6 AX201 (2x2),Bluetooth 5.0,HD Webcam,,,Windows 10 Home,Estimated Warranty Claim Duration 30 Days. It may take additional time up to 60 days,USA,Intel Integrated SoC,,,1,microSD,,,,,,,,Dual speakers,Dual array digital microphones,,,,306.5 x 194.6 x 16.9mm,1.31 kg,3 Cell,51 Wh,,65 W AC power adapter,,Envy,11th,,,,,,NVMe PCIe,,,,,Core i7,GDDR5
